AlgoTime(ms), Result Matrix, Chapter
3869.23, 475616, 1
4489.110000000001, 618342, 2
3058.38, 304679, 3
2565.25, 263682, 4
2496.9199999999996, 224420, 5
2566.2799999999997, 214760, 6
1657.4, 114235, 7
3598.98, 415380, 8
5539.38, 922180, 9
501.289, 8277, 10
