AlgoTime(ms), Result Matrix, Chapter, Zero Entries
4266.49, 475616, 1, 474448
5427.1900000000005, 618342, 2, 617278
2718.95, 304679, 3, 303608
2355.1600000000003, 263682, 4, 263139
2010.6799999999998, 224420, 5, 223536
1914.75, 214760, 6, 213599
994.949, 114235, 7, 113761
3780.19, 415380, 8, 414079
7783.37, 922180, 9, 919430
98.1684, 8277, 10, 8108
