AlgoTime(ms), Result Matrix, Chapter, Zero Entries
7279.38, 472860, 1, 471390
8816.48, 615200, 2, 613783
4468.09, 302475, 3, 301086
3874.24, 261632, 4, 260879
3226.46, 222528, 5, 221342
3158.9, 212910, 6, 211125
1635.65, 112887, 7, 112210
6174.509999999999, 412806, 8, 410903
13223.599999999999, 918342, 9, 914501
153.98600000000002, 7917, 10, 7602
