AlgoTime(ms), Result Matrix, Chapter
2504.85, 478380, 1
3084.42, 621492, 2
1580.2099999999998, 306891, 3
1417.5800000000002, 265740, 4
1158.54, 226320, 5
1096.7800000000002, 216618, 6
595.9179999999999, 115591, 7
2206.7999999999997, 417962, 8
4473.04, 926026, 9
98.12010000000001, 8645, 10
