AlgoTime(ms), Result Matrix, Chapter, Zero Entries
2508.2, 478380, 1, 475648
3107.6800000000003, 621492, 2, 618410
1612.3700000000001, 306891, 3, 305606
1419.29, 265740, 4, 264795
1135.05, 226320, 5, 224912
1107.49, 216618, 6, 214865
612.382, 115591, 7, 114945
2186.3199999999997, 417962, 8, 415630
4624.71, 926026, 9, 921740
72.6327, 8645, 10, 8335
